<?xml version="1.0" encoding="utf-8" ?><dwsync><file name="MD5.as" server="cbtelevision.com.mx//var/www/clients/client5/web9/web/" local="3254918752" remote="11982433260" /><file name="SHA1.as" server="cbtelevision.com.mx//var/www/clients/client5/web9/web/" local="3251399588" remote="11982433260" /><file name="SHA224.as" server="cbtelevision.com.mx//var/www/clients/client5/web9/web/" local="3254917044" remote="11982433261" /><file name="SHA256.as" server="cbtelevision.com.mx//var/www/clients/client5/web9/web/" local="3254917044" remote="11982433261" /><file name="WSSEUsernameToken.as" server="cbtelevision.com.mx//var/www/clients/client5/web9/web/" local="3254918752" remote="11982433261" /><file name="MD5.as" server="cbtelevision.com.mx/www/" local="3254918752" remote="12061129712" /><file name="SHA1.as" server="cbtelevision.com.mx/www/" local="3251399588" remote="12061129712" /><file name="SHA224.as" server="cbtelevision.com.mx/www/" local="3254917044" remote="12061129712" /><file name="SHA256.as" server="cbtelevision.com.mx/www/" local="3254917044" remote="12061129712" /><file name="WSSEUsernameToken.as" server="cbtelevision.com.mx/www/" local="3254918752" remote="12061129712" /></dwsync>