<?xml version="1.0" encoding="utf-8" ?><dwsync><file name="JSON.as" server="cbtelevision.com.mx//var/www/clients/client5/web9/web/" local="3251248044" remote="11982433261" /><file name="JSONDecoder.as" server="cbtelevision.com.mx//var/www/clients/client5/web9/web/" local="3251248044" remote="11982433261" /><file name="JSONEncoder.as" server="cbtelevision.com.mx//var/www/clients/client5/web9/web/" local="3254917046" remote="11982433262" /><file name="JSONParseError.as" server="cbtelevision.com.mx//var/www/clients/client5/web9/web/" local="3251248044" remote="11982433262" /><file name="JSONToken.as" server="cbtelevision.com.mx//var/www/clients/client5/web9/web/" local="3251248044" remote="11982433263" /><file name="JSONTokenizer.as" server="cbtelevision.com.mx//var/www/clients/client5/web9/web/" local="3251248044" remote="11982433263" /><file name="JSONTokenType.as" server="cbtelevision.com.mx//var/www/clients/client5/web9/web/" local="3251248044" remote="11982433263" /><file name="JSON.as" server="cbtelevision.com.mx/www/" local="3251248044" remote="12061129712" /><file name="JSONDecoder.as" server="cbtelevision.com.mx/www/" local="3251248044" remote="12061129712" /><file name="JSONEncoder.as" server="cbtelevision.com.mx/www/" local="3254917046" remote="12061129712" /><file name="JSONParseError.as" server="cbtelevision.com.mx/www/" local="3251248044" remote="12061129712" /><file name="JSONToken.as" server="cbtelevision.com.mx/www/" local="3251248044" remote="12061129712" /><file name="JSONTokenizer.as" server="cbtelevision.com.mx/www/" local="3251248044" remote="12061129712" /><file name="JSONTokenType.as" server="cbtelevision.com.mx/www/" local="3251248044" remote="12061129712" /></dwsync>