<?xml version="1.0" encoding="utf-8" ?><dwsync><file name="ArrayUtil.as" server="cbtelevision.com.mx//var/www/clients/client5/web9/web/" local="3254918752" remote="11982433263" /><file name="DateUtil.as" server="cbtelevision.com.mx//var/www/clients/client5/web9/web/" local="3254918752" remote="11982433263" /><file name="DictionaryUtil.as" server="cbtelevision.com.mx//var/www/clients/client5/web9/web/" local="3251249952" remote="11982433263" /><file name="IntUtil.as" server="cbtelevision.com.mx//var/www/clients/client5/web9/web/" local="3254918752" remote="11982433263" /><file name="NumberFormatter.as" server="cbtelevision.com.mx//var/www/clients/client5/web9/web/" local="3254918752" remote="11982433263" /><file name="StringUtil.as" server="cbtelevision.com.mx//var/www/clients/client5/web9/web/" local="3254918752" remote="11982433263" /><file name="XMLUtil.as" server="cbtelevision.com.mx//var/www/clients/client5/web9/web/" local="3254919572" remote="11982433263" /><file name="ArrayUtil.as" server="cbtelevision.com.mx/www/" local="3254918752" remote="12061129712" /><file name="DateUtil.as" server="cbtelevision.com.mx/www/" local="3254918752" remote="12061129712" /><file name="DictionaryUtil.as" server="cbtelevision.com.mx/www/" local="3251249952" remote="12061129712" /><file name="IntUtil.as" server="cbtelevision.com.mx/www/" local="3254918752" remote="12061129712" /><file name="NumberFormatter.as" server="cbtelevision.com.mx/www/" local="3254918752" remote="12061129712" /><file name="StringUtil.as" server="cbtelevision.com.mx/www/" local="3254918752" remote="12061129712" /><file name="XMLUtil.as" server="cbtelevision.com.mx/www/" local="3254919572" remote="12061129712" /></dwsync>