<?xml version="1.0" encoding="utf-8" ?><dwsync><file name="DynamicURLLoader.as" server="cbtelevision.com.mx//var/www/clients/client5/web9/web/" local="3254918752" remote="11982433261" /><file name="IURIResolver.as" server="cbtelevision.com.mx//var/www/clients/client5/web9/web/" local="3254919444" remote="11982433261" /><file name="URI.as" server="cbtelevision.com.mx//var/www/clients/client5/web9/web/" local="3254919458" remote="11982433261" /><file name="URIEncodingBitmap.as" server="cbtelevision.com.mx//var/www/clients/client5/web9/web/" local="3254919490" remote="11982433261" /><file name="DynamicURLLoader.as" server="cbtelevision.com.mx/www/" local="3254918752" remote="12061129712" /><file name="IURIResolver.as" server="cbtelevision.com.mx/www/" local="3254919444" remote="12061129712" /><file name="URI.as" server="cbtelevision.com.mx/www/" local="3254919458" remote="12061129712" /><file name="URIEncodingBitmap.as" server="cbtelevision.com.mx/www/" local="3254919490" remote="12061129712" /></dwsync>